-- Insertar festivos nacionales España 2026
INSERT INTO public.national_holidays (year, holiday_date, name, type, region) VALUES
  (2026, '2026-01-01', 'Año Nuevo', 'nacional', NULL),
  (2026, '2026-01-06', 'Epifanía del Señor (Reyes)', 'nacional', NULL),
  (2026, '2026-04-03', 'Viernes Santo', 'nacional', NULL),
  (2026, '2026-05-01', 'Fiesta del Trabajo', 'nacional', NULL),
  (2026, '2026-08-15', 'Asunción de la Virgen', 'nacional', NULL),
  (2026, '2026-10-12', 'Fiesta Nacional de España', 'nacional', NULL),
  (2026, '2026-11-01', 'Todos los Santos', 'nacional', NULL),
  (2026, '2026-12-08', 'Inmaculada Concepción', 'nacional', NULL),
  (2026, '2026-12-25', 'Navidad', 'nacional', NULL);

-- Festivos autonómicos Andalucía
INSERT INTO public.national_holidays (year, holiday_date, name, type, region) VALUES
  (2026, '2026-02-28', 'Día de Andalucía', 'autonomico', 'andalucia'),
  (2026, '2026-04-02', 'Jueves Santo', 'autonomico', 'andalucia'),
  (2026, '2026-11-02', 'Todos los Santos (traslado)', 'autonomico', 'andalucia'),
  (2026, '2026-12-07', 'Día de la Constitución (traslado)', 'autonomico', 'andalucia');

-- Festivos autonómicos Aragón
INSERT INTO public.national_holidays (year, holiday_date, name, type, region) VALUES
  (2026, '2026-04-02', 'Jueves Santo', 'autonomico', 'aragon'),
  (2026, '2026-04-23', 'San Jorge, Día de Aragón', 'autonomico', 'aragon'),
  (2026, '2026-11-02', 'Todos los Santos (traslado)', 'autonomico', 'aragon'),
  (2026, '2026-12-07', 'Día de la Constitución (traslado)', 'autonomico', 'aragon');

-- Festivos autonómicos Asturias
INSERT INTO public.national_holidays (year, holiday_date, name, type, region) VALUES
  (2026, '2026-04-02', 'Jueves Santo', 'autonomico', 'asturias'),
  (2026, '2026-09-08', 'Día de Asturias', 'autonomico', 'asturias'),
  (2026, '2026-11-02', 'Todos los Santos (traslado)', 'autonomico', 'asturias'),
  (2026, '2026-12-07', 'Día de la Constitución (traslado)', 'autonomico', 'asturias');

-- Festivos autonómicos Baleares
INSERT INTO public.national_holidays (year, holiday_date, name, type, region) VALUES
  (2026, '2026-03-02', 'Día de las Illes Balears', 'autonomico', 'baleares'),
  (2026, '2026-04-02', 'Jueves Santo', 'autonomico', 'baleares'),
  (2026, '2026-04-06', 'Lunes de Pascua', 'autonomico', 'baleares'),
  (2026, '2026-12-26', 'San Esteban', 'autonomico', 'baleares');

-- Festivos autonómicos Canarias
INSERT INTO public.national_holidays (year, holiday_date, name, type, region) VALUES
  (2026, '2026-04-02', 'Jueves Santo', 'autonomico', 'canarias'),
  (2026, '2026-05-30', 'Día de Canarias', 'autonomico', 'canarias'),
  (2026, '2026-11-02', 'Todos los Santos (traslado)', 'autonomico', 'canarias'),
  (2026, '2026-12-06', 'Día de la Constitución', 'autonomico', 'canarias');

-- Festivos autonómicos Cantabria
INSERT INTO public.national_holidays (year, holiday_date, name, type, region) VALUES
  (2026, '2026-04-02', 'Jueves Santo', 'autonomico', 'cantabria'),
  (2026, '2026-07-28', 'Día de las Instituciones de Cantabria', 'autonomico', 'cantabria'),
  (2026, '2026-09-15', 'La Bien Aparecida', 'autonomico', 'cantabria'),
  (2026, '2026-12-07', 'Día de la Constitución (traslado)', 'autonomico', 'cantabria');

-- Festivos autonómicos Castilla-La Mancha
INSERT INTO public.national_holidays (year, holiday_date, name, type, region) VALUES
  (2026, '2026-04-02', 'Jueves Santo', 'autonomico', 'castilla_la_mancha'),
  (2026, '2026-04-06', 'Lunes de Pascua', 'autonomico', 'castilla_la_mancha'),
  (2026, '2026-06-04', 'Corpus Christi', 'autonomico', 'castilla_la_mancha'),
  (2026, '2026-11-02', 'Todos los Santos (traslado)', 'autonomico', 'castilla_la_mancha');

-- Festivos autonómicos Castilla y León
INSERT INTO public.national_holidays (year, holiday_date, name, type, region) VALUES
  (2026, '2026-04-02', 'Jueves Santo', 'autonomico', 'castilla_y_leon'),
  (2026, '2026-04-23', 'Día de Castilla y León', 'autonomico', 'castilla_y_leon'),
  (2026, '2026-11-02', 'Todos los Santos (traslado)', 'autonomico', 'castilla_y_leon'),
  (2026, '2026-12-07', 'Día de la Constitución (traslado)', 'autonomico', 'castilla_y_leon');

-- Festivos autonómicos Cataluña
INSERT INTO public.national_holidays (year, holiday_date, name, type, region) VALUES
  (2026, '2026-04-06', 'Lunes de Pascua', 'autonomico', 'cataluña'),
  (2026, '2026-06-24', 'San Juan', 'autonomico', 'cataluña'),
  (2026, '2026-09-11', 'Diada Nacional de Catalunya', 'autonomico', 'cataluña'),
  (2026, '2026-12-26', 'San Esteban', 'autonomico', 'cataluña');

-- Festivos autonómicos Comunidad Valenciana
INSERT INTO public.national_holidays (year, holiday_date, name, type, region) VALUES
  (2026, '2026-03-19', 'San José', 'autonomico', 'comunidad_valenciana'),
  (2026, '2026-04-06', 'Lunes de Pascua', 'autonomico', 'comunidad_valenciana'),
  (2026, '2026-06-24', 'San Juan', 'autonomico', 'comunidad_valenciana'),
  (2026, '2026-10-09', 'Día de la Comunitat Valenciana', 'autonomico', 'comunidad_valenciana');

-- Festivos autonómicos Extremadura
INSERT INTO public.national_holidays (year, holiday_date, name, type, region) VALUES
  (2026, '2026-04-02', 'Jueves Santo', 'autonomico', 'extremadura'),
  (2026, '2026-09-08', 'Día de Extremadura', 'autonomico', 'extremadura'),
  (2026, '2026-12-06', 'Día de la Constitución', 'autonomico', 'extremadura');

-- Festivos autonómicos Euskadi
INSERT INTO public.national_holidays (year, holiday_date, name, type, region) VALUES
  (2026, '2026-04-02', 'Jueves Santo', 'autonomico', 'euskadi'),
  (2026, '2026-04-06', 'Lunes de Pascua', 'autonomico', 'euskadi'),
  (2026, '2026-07-25', 'Santiago Apóstol', 'autonomico', 'euskadi'),
  (2026, '2026-12-06', 'Día de la Constitución', 'autonomico', 'euskadi');

-- Festivos autonómicos Galicia
INSERT INTO public.national_holidays (year, holiday_date, name, type, region) VALUES
  (2026, '2026-03-19', 'San José', 'autonomico', 'galicia'),
  (2026, '2026-04-02', 'Jueves Santo', 'autonomico', 'galicia'),
  (2026, '2026-06-24', 'San Juan', 'autonomico', 'galicia'),
  (2026, '2026-07-25', 'Santiago Apóstol, Día Nacional de Galicia', 'autonomico', 'galicia');

-- Festivos autonómicos La Rioja
INSERT INTO public.national_holidays (year, holiday_date, name, type, region) VALUES
  (2026, '2026-04-02', 'Jueves Santo', 'autonomico', 'la_rioja'),
  (2026, '2026-04-06', 'Lunes de Pascua', 'autonomico', 'la_rioja'),
  (2026, '2026-06-09', 'Día de La Rioja', 'autonomico', 'la_rioja'),
  (2026, '2026-12-07', 'Día de la Constitución (traslado)', 'autonomico', 'la_rioja');

-- Festivos autonómicos Madrid
INSERT INTO public.national_holidays (year, holiday_date, name, type, region) VALUES
  (2026, '2026-04-02', 'Jueves Santo', 'autonomico', 'madrid'),
  (2026, '2026-05-02', 'Fiesta de la Comunidad de Madrid', 'autonomico', 'madrid'),
  (2026, '2026-11-02', 'Todos los Santos (traslado)', 'autonomico', 'madrid'),
  (2026, '2026-12-07', 'Día de la Constitución (traslado)', 'autonomico', 'madrid');

-- Festivos autonómicos Murcia
INSERT INTO public.national_holidays (year, holiday_date, name, type, region) VALUES
  (2026, '2026-04-02', 'Jueves Santo', 'autonomico', 'murcia'),
  (2026, '2026-06-09', 'Día de la Región de Murcia', 'autonomico', 'murcia'),
  (2026, '2026-11-02', 'Todos los Santos (traslado)', 'autonomico', 'murcia'),
  (2026, '2026-12-07', 'Día de la Constitución (traslado)', 'autonomico', 'murcia');

-- Festivos autonómicos Navarra
INSERT INTO public.national_holidays (year, holiday_date, name, type, region) VALUES
  (2026, '2026-03-19', 'San José', 'autonomico', 'navarra'),
  (2026, '2026-04-02', 'Jueves Santo', 'autonomico', 'navarra'),
  (2026, '2026-04-06', 'Lunes de Pascua', 'autonomico', 'navarra'),
  (2026, '2026-11-02', 'Todos los Santos (traslado)', 'autonomico', 'navarra'),
  (2026, '2026-12-03', 'San Francisco Javier', 'autonomico', 'navarra');

-- Festivos autonómicos Ceuta
INSERT INTO public.national_holidays (year, holiday_date, name, type, region) VALUES
  (2026, '2026-04-02', 'Jueves Santo', 'autonomico', 'ceuta'),
  (2026, '2026-05-27', 'Fiesta del Sacrificio - Eid al-Adha', 'autonomico', 'ceuta'),
  (2026, '2026-08-05', 'Nuestra Señora de África', 'autonomico', 'ceuta');

-- Festivos autonómicos Melilla
INSERT INTO public.national_holidays (year, holiday_date, name, type, region) VALUES
  (2026, '2026-03-20', 'Fiesta del Eid Fitr', 'autonomico', 'melilla'),
  (2026, '2026-04-02', 'Jueves Santo', 'autonomico', 'melilla'),
  (2026, '2026-05-27', 'Fiesta del Sacrificio - Eid al-Adha', 'autonomico', 'melilla'),
  (2026, '2026-11-02', 'Todos los Santos (traslado)', 'autonomico', 'melilla'),
  (2026, '2026-12-07', 'Día de la Constitución (traslado)', 'autonomico', 'melilla');